0;1470;1470;001470 - ESTACION DE CEBADO DE RODENTICIDA;PC - PLAGUICIDAS;1;0;UND;0;0;0;none;0
0;1472;1472;001472 - RATAQUILL GRANULOS PALLETIZADOS X 2.5 KG;PC - TOXICOS;146470;0;UND;0;0;0;lot;0
0;1474;7709990061581;001474 - RATAQUILL BLOQUE PERFORADO X 2.5 KG;PC - TOXICOS;98337;0;UND;0;0;0;lot;0
0;1475;1475;001475 - IMIDOCARB-LH/250 ML;PC - PLAGUICIDAS;177570;0;UND;0;0;0;lot;0
0;1479;;001479 - AUROTILMICOSIN GOTERO X 10 ML;PT - ANTIBIOTICOS;4770;0;UND;0;0;0;lot;0
0;1481;1481;001481 - DETERGENTE LIQUIDO NEUTRO X 4 LT;PC - PLAGUICIDAS;15900;0;UND;0;0;0;lot;0
0;1482;1482;001482 - SANITAS WP VET ENVASE 5 KG;PC - PLAGUICIDAS;252000;0;UND;0;0;0;lot;0
0;1484;1484;BO12H1COP - STERILE DILUENT 10ML LATAM;PC - PLAGUICIDAS;1;0;UND;0;0;0;lot;0
0;1485;1485;D8832G - STERILE DILUENT 800 ML MAREK BR;PC - PLAGUICIDAS;1;0;UND;0;0;0;lot;0
0;1489;7709967803275;001489 - PANTOX X KG;PTT - PREMIX;6950;0;KGR;0;0;0;lot;0
0;1490;1490;001490 - COMBO 1;PT - ANTIPARASITARIOS;1460000;0;UND;0;0;0;lot;0
0;1491;1491;001491 - COMBO 2;PT - VITAMINAS;1250000;0;UND;0;0;0;lot;0
0;1492;1492;001492 - COMBO 3;PT - ANTIPARASITARIOS;255000;0;UND;0;0;0;lot;0
0;1493;1493;001493 - COMBO 4;PT - VITAMINAS;400000;0;UND;0;0;0;lot;0
0;1494;1494;001494 - COMBO 5;PT - ANTIPARASITARIOS;592000;0;UND;0;0;0;lot;0
0;1495;1495;001495 - COMBO 6;PT - DESINFECTANTES E INSECTICIDAS;535000;0;UND;0;0;0;lot;0
0;1500;1500;001500 - COMBO 12;PT - VITAMINAS;345000;0;UND;0;0;0;lot;0
0;1501;1501;001501 - COMBO 13;PT - ANTIPARASITARIOS;925000;0;UND;0;0;0;lot;0
0;1502;1502;001502 - COMBO 14;PT - VITAMINAS;450000;0;UND;0;0;0;lot;0
0;1507;1507;001507 - COMBO KIT DEL CERDITO;PT - ANTIBIOTICOS;173000;0;UND;0;0;0;lot;0
0;1508;1508;001508 - COMBO CONVENCION;PT - VITAMINAS;1450000;0;UND;0;0;0;lot;0
0;1509;7709967803275;001509 - PREV-OX X KG;PTT - PREMIX;5500;0;KGR;0;0;0;lot;0
0;1510;1510;001510 - COMBO 21;PT - VITAMINAS;1126817;0;UND;0;0;0;lot;0
0;1527;;001527 - COMBO 19;PT - ANTIPARASITARIOS;348000;0;UND;0;0;0;lot;0
0;1528;;001528 - DILUENTE ESTERIL 10 ML BR CEVA;PC - PLAGUICIDAS;1;0;UND;0;0;0;lot;0
0;1529;;001529 - COMBO 20;PT - VITAMINAS;989847;0;UND;0;0;0;lot;0
0;1530;;001530 - COMBO 22;PT - VITAMINAS;1126817;0;UND;0;0;0;lot;0
0;16;7708589194105;450431 - AUROMECK INYECTABLE X 50 ML;PT - ANTIBIOTICOS;17464;0;UND;0;0;0;lot;720
0;164;;411320 - PANTOTENATO DE CALCIO;MP - EXCIPIENTES;28000;0;KGR;0;0;0;lot;720
0;17;7708589194143;450433 - AUROMECK INYECTABLE X 500 ML;PT - ANTIPARASITARIOS;84708;0;UND;0;0;0;lot;720
0;171;;411371 - POLIVINILPIRROLIDONA K-17;MP - EXCIPIENTES;99000;0;KGR;0;0;0;lot;720
0;18;7708589194969;450432 - AUROMECK INYECTABLE X 200 ML;PT - ANTIBIOTICOS;53060;0;UND;0;0;0;lot;720
0;184;;411568 - SILICONA ANTIESPUMANTE;MP - EXCIPIENTES;6747;0;KGR;0;0;0;lot;720
0;191;;420292 - PLEGADIZA SULFATROPHIN ORAL 12 GOTEROS;ME - CAJAS DE CARTON;874;0;UND;0;0;19;lot;0
0;2;;410070 - ALCOHOL BENCILICO;MP - EXCIPIENTES;32000;0;KGR;0;0;0;lot;760
0;256;;411583 - MONOESTEARATO DE SORBITAN 60 (SPAN);MP - EXCIPIENTES;14461;0;KGR;0;0;19;lot;0
0;268;;411669 - TRIACETINA;MP - EXCIPIENTES;15200;0;KGR;0;0;0;lot;720
0;274;;411743 - RIBOFLAVINA 5 FOSFATO SODICO (VITAMINA B;MP - VITAMINICOS;81500;0;KGR;0;0;0;lot;720
0;277;;411753 - VITAMINA A ACETATO POLVO 500 klU/g;MP - VITAMINICOS;31;0;KGR;0;0;0;lot;720
0;286;;411593 - SULFAQUINOXALINA SODICA;MP - COCCIDIOSTATOS;108000;0;KGR;0;0;0;lot;720
0;287;;410075 - AMPROLIO HCL;MP - COCCIDIOSTATOS;77100;0;KGR;0;0;0;lot;1080
0;288;288;450081 - Q-ZERMEC X 50;PT - ANABOLICOS;42000;0;UND;0;0;0;lot;720
0;289;;450084 - Q-ZERMEC X 500 ML;PT - ANABOLICOS;250000;0;UND;0;0;0;lot;720
0;290;290;450083 - Q-ZERMEC X 250 ML;PT - ANABOLICOS;180000;0;UND;0;0;0;lot;720
0;291;7708589194846;451101 - AURO DIARREGAN CAJA X 10 SOBRES;PT - ANTIBACTERIANOS -ANTIDIARREICOS;98152;0;UND;0;0;0;lot;1080
0;292;292;450111 - AURO DIARREGAN CAJA X 50 SOBRES;PT - ANTIBACTERIANOS -ANTIDIARREICOS;454443;0;UND;0;0;0;lot;1080
0;294;294;450120 - ERIPANTO INYECTABLE X 10 ML;PT - ANTIBACTERIANOS -ANTIDIARREICOS;16060;0;UND;0;0;0;lot;1080
0;295;295;450121 - ERIPANTO INYECTABLE X 50 ML;PT - ANTIBACTERIANOS -ANTIDIARREICOS;49720;0;UND;0;0;0;lot;1080
0;296;296;450125 - ERIPANTO MASTITIS 4 X 12 ML;PT - ANTIBACTERIANOS -ANTIDIARREICOS;52642;0;UND;0;0;0;lot;1080
0;297;297;000297 - ERIPANTO MASTITIS X 12 ML;PT - ANTIBACTERIANOS -ANTIDIARREICOS;4900;0;UND;0;0;0;lot;1080
0;298;7708589194471;450130 - ERIPANTO X 24 G;PT - ANTIBACTERIANOS -ANTIDIARREICOS;8478;0;UND;0;0;0;lot;1080
0;299;299;450143 - Q-CLORMUTIN;PT - PREMIX;20300;0;KGR;0;0;0;lot;720
0;301;7708494835636;450162 - Q-FOS 25 X 250 GR;PT - ANTIBIOTICOS;89498;0;UND;0;0;0;lot;720
0;302;;450165 - Q-FOS X 25 X 1 KG;PT - ANTIBIOTICOS;316336;0;UND;0;0;0;lot;720
0;303;303;450174 - Q-MICOSPECTIN X KG;PT - PREMIX;53000;0;KGR;0;0;0;lot;720
0;304;7708494835292;450182 - Q-MUTIN X KG;PT - PREMIX;412500;0;KGR;0;0;0;lot;720
0;305;7708589194327;450192 - Q-NORFLOXAN X 20 ML;PT - ANTIBIOTICOS;14422;0;UND;0;0;0;lot;1080
0;306;7708589194556;410194 - Q-NORFLOXAN X 100 ML;PT - ANTIBIOTICOS;25997;0;UND;0;0;0;lot;1080
0;307;7708589194853;450197 - Q-NORFLOXAN X 1000 ML;PT - ANTIPARASITARIOS;129836;0;UND;0;0;0;lot;1080
0;309;7708589194600;450201 - Q-OXY 200 LA 50 ML;PT - ANTIBIOTICOS;28654;0;UND;0;0;0;lot;1080
0;310;7708589194099;450204 - Q-OXY 200 LA X 500 ML;PT - ANTIBIOTICOS;132102;0;UND;0;0;0;lot;1080
0;311;311;450216 - Q-SULFATYL X KG;PT - PREMIX;475000;0;KGR;0;0;0;lot;720
0;313;7708494835841;450222 - Q-TARTILO 100 X 250 G;PT - ANTIBACTERIANOS -ANTIDIARREICOS;130226;0;UND;0;0;0;lot;540
0;314;7708494835773;450224 - Q-TARTILO 100 X 1 KG;PT - ANTIBACTERIANOS -ANTIDIARREICOS;337500;0;UND;0;0;0;lot;540
0;316;7708589194204;450240 - QTYCON X 30  G;PT - ANTIBACTERIANOS -ANTIDIARREICOS;15842;0;UND;0;0;0;lot;720
0;317;7708589194631;450250 - SULFATROPHIN SUSPENSION INYECTABLE 10ML;PT - ANTIBACTERIANOS -ANTIDIARREICOS;14401;0;UND;0;0;0;lot;720
0;318;7708589194747;450251 - SULFATROPHIN SUSPENSION INYECTABLE 50ML;PT - ANTIBACTERIANOS -ANTIDIARREICOS;40191;0;UND;0;0;0;lot;720
0;319;7708589194570;450252 - SULFATROPHIN SUSPENSION INYECTABLE 100ML;PT - ANTIBACTERIANOS -ANTIDIARREICOS;59836;0;UND;0;0;0;lot;720
0;321;7708589194402;450259 - SULFATROPHIN SUSPENSION ORAL X 50 ML;PT - ANTIBACTERIANOS -ANTIDIARREICOS;18740;0;UND;0;0;0;lot;720
0;322;7708589194020;450260 - SULFATROPHIN SUSPENSION ORAL X 10 ML;PT - ANTIBACTERIANOS -ANTIDIARREICOS;10167;0;UND;0;0;0;lot;720
0;323;7708589194952;450261 - SULFATROPHIN SUSPENSON ORAL X 100 ML;PT - ANTIBACTERIANOS -ANTIDIARREICOS;30261;0;UND;0;0;0;lot;720
0;324;7708589194549;450262 - SULFATROPHIN SUSPENSION ORAL X 1000 ML;PT - ANTIBACTERIANOS -ANTIDIARREICOS;195767;0;UND;0;0;0;lot;720
0;325;7708589194648;450320 - AURO UNGUENTO X 100 G;PT - ANTIFLOGISTICOS RUBEFACIENTES;16242;0;UND;0;0;0;lot;720
0;326;7708589194297;450321 - AURO UNGUENTO X 500 G;PT - ANTIFLOGISTICOS RUBEFACIENTES;61752;0;UND;0;0;0;lot;720
0;328;;450420 - AUROGAN JERINGA X 20 ML;PT - ANTIPARASITARIOS;7800;0;UND;0;0;0;lot;720
0;330;;450422 - AUROGAN GARRAFA X 500ML;PT - ANTIPARASITARIOS;38200;0;UND;0;0;0;lot;720
0;333;;450430 - AUROMECK INYECTABLE X 15 ML;PT - ANTIPARASITARIOS;4100;0;UND;0;0;0;lot;720
0;334;7708494835261;450435 - AUROQUINOL 24% X KG;PT - ANTIPARASITARIOS;387500;0;KGR;0;0;19;lot;1080
0;335;7708589194884;450440 - AUROTEL X 2.5 ML;PT - ANTIPARASITARIOS;7557;0;UND;0;0;0;lot;720
0;336;7708589194259;450441 - AUROTEL X 5.0 ML;PT - ANTIPARASITARIOS;9011;0;UND;0;0;0;lot;720
0;337;7708589194693;450450 - AUROZOLE 25 CO X 10 ML;PT - ANTIPARASITARIOS;7900;0;UND;0;0;0;lot;108
0;338;7708589194518;450451 - AUROZOLE 25 CO X 120 ML;PT - ANTIPARASITARIOS;48421;0;UND;0;0;0;lot;1080
0;339;7708589194457;450452 - AUROZOLE 25 CO X 500 ML;PT - ANTIPARASITARIOS;181774;0;UND;0;0;0;lot;1080
0;340;7708589194068;450453 - AUROZOLE 25 CO X 1000ML;PT - ANTIPARASITARIOS;322725;0;UND;0;0;0;lot;1080
0;341;7708589194662;450454 - AUROZOLE 25 CO X 2000 ML;PT - ANTIPARASITARIOS;641363;0;UND;0;0;0;lot;1080
0;342;7708589194921;450460 - AVICUR POLVO X 20 G;PT - ANTIPARASITARIOS;7353;0;UND;0;0;0;lot;1440
0;343;7708494835735;450462 - AVICUR POLVO X 1 KG;PT - ANTIPARASITARIOS;87783;0;UND;0;0;0;lot;1440
0;344;7708494835698;450465 - AVICUR POLVO X 12.5 KG;PT - ANTIPARASITARIOS;236250;0;UND;0;0;0;lot;1440
0;345;;450500 - PERRITEL X 2.5 ML;PT - ANTIPARASITARIOS;4100;0;UND;0;0;0;lot;1080
0;346;;450501 - PERRITEL X 5.0 ML;PT - ANTIPARASITARIOS;4700;0;UND;0;0;0;lot;1080
0;347;7708589194914;450510 - PORCIX X 20 GR;PT - ANTIPARASITARIOS;5927;0;UND;0;0;0;lot;1080
0;348;;450520 - Q-ALBENDACO 30 X 20 ML;PT - ANTIPARASITARIOS;8600;0;UND;0;0;0;lot;720
0;349;;450530 - Q-IVERMEC 3.5 X 10 ML;PT - ANTIPARASITARIOS;8480;0;UND;0;0;0;lot;720
0;350;7708589194426;450531 - Q-IVERMEC 3.5 X 50 ML;PT - ANTIPARASITARIOS;29343;0;UND;0;0;0;lot;720
0;351;;50532 - Q-IVERMEC 3.5 X 100 ML;PT - ANTIPARASITARIOS;32175;0;UND;0;0;0;lot;720
0;352;7708589194051;450533 - Q-IVERMEC 3.5 ML X 250 ML;PT - ANTIPARASITARIOS;172920;0;UND;0;0;0;lot;720
0;353;7708589194730;450434 - Q-IVERMEC 3.5 X 500 ML;PT - ANTIPARASITARIOS;172920;0;UND;0;0;0;lot;720
0;354;7708589194303;450539 - RAFOXANIDE X 30 ML;PT - ANTIPARASITARIOS;16727;0;UND;0;0;0;lot;720
0;355;7708589194358;450540 - RAFOXANIDE X 120 ML;PT - ANTIPARASITARIOS;30647;0;UND;0;0;0;lot;720
0;374;7708589194075;450541 - RAFOXANIDE X 1000 ML;PT - ANTIPARASITARIOS;172008;0;UND;0;0;0;lot;720
0;384;7708589194754;450642 - CREO-TAY X 120 ML;PT - DESINFECTANTES E INSECTICIDAS;9529;0;UND;0;0;0;lot;1080
0;386;7708589194037;450643 - CREO- TAY X 250 ML;PT - DESINFECTANTES E INSECTICIDAS;12862;0;UND;0;0;0;lot;1080
0;387;;421725 - TAPA BLANCA X 28;ME - TAPAS;67;0;UND;0;0;19;lot;0
0;388;;420614 - ETIQUETA SULFATROPHIN ORAL X 50 ML;ME - ETIQUETAS;284;0;UND;0;0;19;lot;0
0;389;7708589194624;450644 - CREO-TAY X 500 ML;PT - DESINFECTANTES E INSECTICIDAS;22361;0;UND;0;0;0;lot;1080
0;392;7708589194983;450645 - CREO- TAY X 1000 ML;PT - DESINFECTANTES E INSECTICIDAS;39131;0;UND;0;0;0;lot;1080
0;394;7708589194860;450646 - CREO-TAY X 3800;PT - DESINFECTANTES E INSECTICIDAS;124296;0;UND;0;0;0;lot;1080
0;395;7708589194778;450647 - CREOTAY X 20 L;PT - DESINFECTANTES E INSECTICIDAS;543997;0;UND;0;0;0;lot;1080
0;398;7708589194419;450680 - VANOVET X 12O ML;PT - DESINFECTANTES E INSECTICIDAS;11477;0;UND;0;0;0;lot;1080
0;4;;411383 - PROPILENGLICOL;MP - EXCIPIENTES;19600;0;KGR;0;0;19;lot;720
0;403;7708589194945;450681 - VANOVET X 360 ML;PT - DESINFECTANTES E INSECTICIDAS;14000;0;UND;0;0;0;lot;1080
0;407;7708589194655;450682 - VANOVET X 1000 ML;PT - DESINFECTANTES E INSECTICIDAS;49550;0;UND;0;0;0;lot;1080
0;420;;421782 - TAPON GARRAFA X 4000;ME - TAPAS;47277;0;UND;0;0;19;lot;0
0;43;;410235 - CIPERMETRINA;MP - INSECTICIDA;1;0;KGR;0;0;0;lot;360
0;432;7709990325010;480710 - ATTAMIX SB BOLSA X 500G;PC - TOXICOS;17822;0;UND;0;0;0;lot;720
0;438;438;480565 - JABON SANAPIEL;PC - PLAGUICIDAS;10649;0;UND;0;0;0;lot;720
0;442;7709990632583;480780 - RATAQUILL PARAFINADO X 2.5 KG;PC - TOXICOS;200238;0;UND;0;0;0;lot;720
0;449;7709990697797;480785 - RATAQUILL SB  SOBRE X 20 G;PC - TOXICOS;3553;0;UND;0;0;0;lot;720
0;453;453;480790 - RATAQUILL TARRO X 2.5 KG PELLETS;PC - TOXICOS;200237;0;UND;0;0;0;lot;720
0;454;7709990632569;480795 - RATAQUILL SOBRE X 10 GR;PC - TOXICOS;1336;0;UND;0;0;0;lot;720
0;455;455;480233 - VELAS FUNGHUMOX X 25;PC - TOXICOS;10030;0;UND;0;0;0;lot;0
0;457;;450636 - AURO CHAMPU X 2000 ML;PT - DESINFECTANTES E INSECTICIDAS;117915;0;UND;0;0;19;lot;1080
0;458;;450637 - AURO CHAMPU X 18750 ML;PT - DESINFECTANTES E INSECTICIDAS;210834;0;UND;0;0;19;lot;1080
0;459;;450502 - PERRITEL X 1 LITRO;PT - ANTIPARASITARIOS;23000;0;UND;0;0;0;lot;1080
0;460;7708589194839;450521 - Q-ALBENDACO 30 X 100 ML;PT - ANTIPARASITARIOS;19300;0;UND;0;0;0;lot;720
0;461;7708589194792;450522 - Q-ALBENDACO 30 X 500 ML;PT - ANTIPARASITARIOS;83300;0;UND;0;0;0;lot;720
0;462;;450523 - Q-ALBENDACO 30 X 1000 ML;PT - ANTIPARASITARIOS;117000;0;UND;0;0;0;lot;720
0;463;;450524 - Q-ALBENDACO 30 X 2000 ML;PT - ANTIPARASITARIOS;208100;0;UND;0;0;0;lot;720
0;465;7708494835667;450220 - Q-TARTILO 100 X 50 GR;PT - ANTIBACTERIANOS -ANTIDIARREICOS;29740;0;UND;0;0;0;lot;720
0;466;7708494835612;450732 - COCCIDIOL X 25 GR;PT - COCCIDIOSTATOS;9145;0;UND;0;0;0;lot;1080
0;467;7708494835780;450733 - COCCIDIOL X 1 KG;PT - COCCIDIOSTATOS;295475;0;UND;0;0;0;lot;1080
0;468;;450773 - SULFACOCCIDIOL X 25 G;PT - COCCIDIOSTATOS;10246;0;UND;0;0;0;lot;1080
0;47;;410252 - CLOTRIMAZOL;MP - ANTIBACTERIANOS Y ANTIDIARREICOS;101108;0;KGR;0;0;19;lot;720
0;470;7708589194501;450810 - AUROCHAMPU-P X 120 ML;PT - DESINFECTANTES E INSECTICIDAS;22724;0;UND;0;0;0;lot;1080
0;471;7708589194150;450840 - CIPERMETRINA 15 EC AUROFARMA X 20 ML;PT - DESINFECTANTES E INSECTICIDAS;8216;0;UND;0;0;0;lot;1080
0;472;7708589194761;450841 - CIPERMETRINA 15 EC AUROFARMA X 100 ML;PT - DESINFECTANTES E INSECTICIDAS;19094;0;UND;0;0;0;lot;1080
0;473;;450842 - CIPERMETRINA 15 EC AUROFARMA X 500 ML;PT - DESINFECTANTES E INSECTICIDAS;57102;0;UND;0;0;0;lot;1080
0;474;7708589194723;450843 - CIPERMETRINA 15 EC AUROFARMA X 1000 ML;PT - DESINFECTANTES E INSECTICIDAS;86422;0;UND;0;0;0;lot;1080
0;475;7708589194396;450880 - PULPHOX X 100 G;PT - DESINFECTANTES E INSECTICIDAS;21177;0;UND;0;0;0;lot;1080
0;477;7708589194525;450920 - AUROFARVIT INYECTABLE  X 10 ML;PT - VITAMINAS;33325;0;UND;0;0;0;lot;720
0;478;7708589194181;450922 - AUROFARVIT INYECTABLE  X 50 ML;PT - VITAMINAS;20405;0;UND;0;0;0;lot;720
0;479;7708589194235;4509254 - AUROFARVIT INYECTABLE X 250 ML;PT - VITAMINAS;61027;0;UND;0;0;0;lot;1080
0;480;7708589194266;450925 - AUROFARVIT INYECTABLE X 500 ML;PT - VITAMINAS;1754850;0;UND;0;0;0;lot;720
0;481;7708589194129;450932 - AUROFARVIT ORAL X 120 ML;PT - VITAMINAS;12943;0;UND;0;0;0;lot;1080
0;482;7708589194365;450934 - AUROFARVIT ORAL  X 1000 ML;PT - VITAMINAS;66650;0;UND;0;0;0;lot;720
0;483;7708589194136;450936 - AUROFARVIT ORAL X 4000 ML;PT - VITAMINAS;187064;0;UND;0;0;0;lot;720
0;484;7708589194891;450937 - AUROFARVIT ORAL X 20 l;PT - VITAMINAS;160000;0;UND;0;0;0;lot;720
0;485;7708589194242;450940 - AUROVITEL X 20 G;PT - VITAMINAS;15108;0;UND;0;0;0;lot;720
0;486;7708589194280;450942 - AUROVITEL X 100 G;PT - VITAMINAS;58818;0;UND;0;0;0;lot;720
0;487;7708589194709;450945 - AUROVITEL X 1 KG;PT - VITAMINAS;447293;0;UND;0;0;0;lot;720
0;488;7708589194815;450950 - BRILLA PEL X 150 G;PT - VITAMINAS;22291;0;UND;0;0;0;lot;720
0;489;7708589194006;450951 - BRILLA PEL X 1 KG;PT - VITAMINAS;92299;0;UND;0;0;0;lot;720
0;490;7708589194334;450952 - BRILLA PEL X 5 KG;PT - VITAMINAS;120000;0;UND;0;0;0;lot;720
0;491;;450425 - AUROLISTINA 10% X KG;PT - PREMIX;250000;0;KGR;0;0;0;lot;1080
0;492;;450443 - AUROTEL X 1 LITRO;PT - ANTIPARASITARIOS;57400;0;UND;0;0;0;lot;1080
0;499;499;000499 - CLORPIRIFOS E.C 24% X 1000 ML;PC - TOXICOS;56700;0;UND;0;0;0;lot;720
0;500;7709990691405;480705 - ALODRIN X 1 KG (CAJA X 24 UND);PC - TOXICOS;232800;0;UND;0;0;0;lot;720
0;501;7709990061543;480786 - RATAQUILL SB SOBRE X 50 G;PC - TOXICOS;7653;0;UND;0;0;0;lot;720
0;502;7709990061581;480875 - VAPIREX TARRO X 100 G;PC - TOXICOS;59367;0;UND;0;0;0;lot;720
0;503;;481105 - AMITRAZ E.C 12.5 % X 33 ML;PC - TOXICOS;3000;0;UND;0;0;0;lot;720
0;504;;481106 - AMITRAZ E.C 12.5 % X 100 ML;PC - TOXICOS;7400;0;UND;0;0;0;lot;720
0;507;;481109 - AMITRAZ E.C 20.8 % X 20 ML;PC - TOXICOS;3000;0;UND;0;0;0;lot;720
0;508;;481110 - AMITRAZ E.C 20.8% X 100 ML;PC - TOXICOS;9500;0;UND;0;0;0;lot;720
0;509;;481111 - AMITRAZ E.C . 20.8 % X 500 ML;PC - TOXICOS;20000;0;UND;0;0;0;lot;720
0;510;;481112 - AMITRAZ E.C. 20.8% X 1000 ML;PC - PLAGUICIDAS;33000;0;UND;0;0;0;lot;720
0;511;;481120 - ETHION 83% X 30 ML;PC - TOXICOS;5800;0;UND;0;0;0;lot;720
0;512;;481121 - ETHION 83% X 235 ML;PC - TOXICOS;30500;0;UND;0;0;0;lot;720
0;513;;481122 - ETHION 83% X 500 ML;PC - TOXICOS;36500;0;UND;0;0;0;lot;720
0;514;;481123 - ETHION 83% X 1 L;PC - TOXICOS;60000;0;UND;0;0;0;lot;720
0;518;;410254 - COLISTINA SULFATO;MP - EXCIPIENTES;41700;0;KGR;0;0;0;lot;720
0;52;;410322 - DEXAMETAZONA SODIO FOSFATO;MP - ANTIBACTERIANOS Y ANTIDIARREICOS;6924575;0;KGR;0;0;0;lot;720
0;521;;410511 - FLORFENICOL;MP - ANTIBIOTICOS;0;0;KGR;0;0;0;lot;720
0;527;;410750 - HIDROXIDO DE SODIO;MP - EXCIPIENTES;41334;0;KGR;0;0;0;lot;720
0;532;;411150 - NORFLOXACINA BASE;MP - EXCIPIENTES;0;0;KGR;0;0;0;lot;720
0;534;;410510 - FENBENDAZOL MICRONIZADO;MP - ANTIPARASITARIOS;257000;0;KGR;0;0;0;lot;1080
0;535;;450131 - ERIPANTO X 1 KG;PT - ANTIPARASITARIOS;107000;0;UND;0;0;0;lot;0
0;536;;450512 - PORCIX X 1 KG;PT - ANTIPARASITARIOS;75000;0;UND;0;0;0;lot;720
0;537;7708589194372;450964 - Q-B COMPLEX X 500 ML;PT - VITAMINAS;46090;0;UND;0;0;0;lot;720
0;538;7708589194587;4500202 - Q-OXY 200 LA  X 100 ML;PT - ANTIBACTERIANOS -ANTIDIARREICOS;44034;0;UND;0;0;0;lot;1080
0;540;7708589194228;450684 - VANOVET X 18.75 LITROS;PT - DESINFECTANTES E INSECTICIDAS;490540;0;UND;0;0;0;lot;1080
0;541;7708589194211;000541 - AUROFARVIT INYECTABLE X 100 ML;PT - VITAMINAS;34675;0;UND;0;0;0;lot;720
0;542;;450492 - CABATEL X 1 LITRO;PT - ANTIPARASITARIOS;136500;0;UND;0;0;0;lot;1080
0;543;7708589194907;450442 - AUROTEL X 10  ML;PT - ANTIBIOTICOS;11676;0;UND;0;0;0;lot;720
0;544;7708589194617;450683 - VANOVET X 3750 ML;PT - DESINFECTANTES E INSECTICIDAS;158155;0;UND;0;0;0;lot;720
0;551;;411665 - TIAMULINA FUMARATO HIDROGENADA 80%;MP - ANTIBACTERIANOS Y ANTIDIARREICOS;0;0;KGR;0;0;0;lot;720
0;553;;450113 - AURODIARREGAN X 100 G;PT - ANTIPARASITARIOS;13200;0;UND;0;0;0;lot;720
0;554;;480798 - RATAQUILL SOBRE X 10 G (BOLSA);PC - TOXICOS;1300;0;UND;0;0;0;lot;720
0;555;7708589194440;450203 - Q-OXY 200 LA X 250 ML;PT - ANTIBIOTICOS;73801;0;UND;0;0;0;lot;720
0;556;;450232 - Q-TILMICOX X KG;PT - ANTIBIOTICOS;30400;0;KGR;0;0;0;lot;720
0;557;7708494835919;450772 - SULFACOCCIDIOL X 1 KG;PT - COCCIDIOSTATOS;261854;0;UND;0;0;0;lot;1080
0;558;;480110 - AMITRAZ E.C.3% X 50 ML;PC - TOXICOS;3950;0;UND;0;0;0;lot;720
0;56;;410425 - ERITROMICINA ESTEARATO;MP - EXCIPIENTES;88;0;KGR;0;0;0;lot;720
0;568;;420522 - EMPAQUE BLANCO LAMINADO 60X92;ME - SOBRES DE ALUMINIO;779;0;UND;0;0;19;lot;0
0;576;;000576 - BOLSA NEGRA 60X95 VITAMINAS;ME - SOBRES DE ALUMINIO;580;0;UND;0;0;19;lot;0
0;582;;000582 - HARINA DE TRIGO DE TERCERA;MP - EXCIPIENTES;705;0;KGR;0;0;0;lot;0
0;587;7708589194389;K450842 - CIPERMETRINA 15 EC AUROFARMA FCO X 500ML;PC - TOXICOS;53096;0;UND;0;0;0;lot;720
0;604;;420695 - ETIQUETA CREOTAY X 1 LT;ME - ETIQUETAS;22900;0;UND;0;0;19;lot;0
0;61;;410707 - HALQUINOL;MP - ANTIBIOTICOS;24000;0;KGR;0;0;19;lot;0
0;614;;420615 - ETIQUETA SULFATROPHIN ORAL X 10 ML;ME - ETIQUETAS;75;0;UND;0;0;19;lot;0
0;615;;420616 - ETIQUETA SULFATROPHIN ORAL X 100 ML;ME - ETIQUETAS;190;0;UND;0;0;19;lot;0
0;65;7708589194686;450411 - ANAPIRAN FRASCO X 50 ML;PT - ANTIPARASITARIOS;51574;0;UND;0;0;0;lot;720
0;651;;000651 - ETIQUETA QIVERMEC 3.5 X 500 ML;ME - ETIQUETAS;981;0;UND;0;0;19;lot;0
0;654;;481120 - ETHION 83% X 30ML (COMERCIALIZADO);PC - TOXICOS;4000;0;UND;0;0;0;lot;720
0;656;7708494835742;000656 - Q-FLORFEN X KG;PT - PREMIX;97800;0;KGR;0;0;0;lot;720
0;66;;450635 - AURO CHAMPU X 250 ML;PT - DESINFECTANTES E INSECTICIDAS;20895;0;UND;0;0;19;lot;0
0;662;;000662 - VITAMINA C (ACIDO ASCORBICO);MP - VITAMINICOS;18500;0;KGR;0;0;0;lot;0
0;67;67;450010 - BOLDEBIG 50 X 10 ML;PT - ANABOLICOS;9542;0;UND;0;0;0;lot;720
0;675;;000675 - NOVASAN SPRAY FCO X 120 ML;PC - PLAGUICIDAS;4444;0;UND;0;0;0;lot;0
0;68;7708494835964;450012 - BOLDEBIG 50 X 50 ML;PT - ANABOLICOS;53482;0;UND;0;0;0;lot;0
0;681;;000681 - Q-IVERMEC 3.5% X 500 ML + AUROFARVITX500;PT - VITAMINAS;140000;0;UND;0;0;0;none;0
0;684;;000684 - CLORTETRACICLINA 20%-ECOMAX;MP - ANTISEPTICOS DESINFECTANTES;17900;0;KGR;0;0;0;lot;0
0;70;70;450013 - BOLDEBIG 50 X 100 ML;PT - ANABOLICOS;61000;0;UND;0;0;0;lot;720
0;703;;000703 - 2-PIRROLIDONA (SOLUPHOR);MP - EXCIPIENTES;17300;0;KGR;0;0;0;lot;0
0;708;;000708 - Q-IVERMEC 500 + 2 AUROFARVIT INY DE 250;PT - VITAMINAS;90000;0;UND;0;0;0;lot;0
0;71;7708589194976;450014 - BOLDEBIG 50 X 250 ML;PT - ANABOLICOS;199760;0;UND;0;0;0;lot;720
0;711;;000711 - CLORURO DE COLINA;MP - EXCIPIENTES;2800;0;KGR;0;0;0;lot;0
0;72;7708589194679;450480 - CABACTINA GEL ORAL X 10G;PT - ANTIPARASITARIOS;20020;0;UND;0;0;0;lot;720
0;721;;000721 - CARRIER;MPP - EXCIPIENTES;701;0;KGR;0;0;0;lot;0
0;723;;000723 - SULFATO DE COBRE;MP - VITAMINICOS;5300;0;KGR;0;0;19;lot;0
0;724;724;000724 - AZUFRE MALLA-100 ORIG PETROQUIMICO;PC - PLAGUICIDAS;1000;0;KGR;0;0;0;lot;0
0;73;7708494835629;450015 - BOLDEBIG 50 X 500 ML;PT - ANABOLICOS;386540;0;UND;0;0;0;lot;720
0;737;;000737 - CLORURO DE CALCIO;MP - EXCIPIENTES;8500;0;KGR;0;0;0;lot;0
0;740;;000740 - PLEGADIZA QIVERMEC 3.5 X 250 ML;ME - CAJAS DE CARTON;1892;0;UND;0;0;19;lot;0
0;742;;000742 - ETIQUETA QIVERMEC  3.5 X 250 ML;ME - ETIQUETAS;819;0;UND;0;0;19;lot;0
0;743;;000743 - BIOTINA 100%;MP - VITAMINICOS;12150;0;GRS;0;0;0;lot;0
0;75;7708589194716;450490 - CABATEL X 20 ML;PT - ANTIPARASITARIOS;14475;0;UND;0;0;0;lot;1080
0;76;7708494835346;450491 - CABATEL X 500 ML;PT - ANTIPARASITARIOS;212306;0;UND;0;0;0;lot;1080
0;770;;000770 - EMPAQUE BLANCO 51 X 70;ME - CAJAS DE CARTON;510;0;UND;0;0;19;none;0
0;779;;000779 - BOLDEBIG 50 X 250 ML MUESTRA MEDICA EXP;PT - VITAMINAS;0;0;UND;0;0;0;lot;720
0;780;;000780 - BOLDEBIG 50 X 500 ML MUESTRA MEDICA EXP;PT - VITAMINAS;0;0;UND;0;0;0;lot;720
0;781;;000781 - BOLDEBIG 50 X 50 ML MUESTRA MEDICA EXP;PT - VITAMINAS;0;0;UND;0;0;0;lot;720
0;782;;000782 - QTYCON 30 G MMEDICA EXP;PT - VITAMINAS;0;0;UND;0;0;0;lot;720
0;783;7708589194488;000783 - ERIPANTO MASTITIS CAJA X 4 JG X 12 ML MM;PT - VITAMINAS;29000;0;UND;0;0;0;lot;720
0;784;;000784 - ERIPANTO INYECTABLE X 50 ML MMEDICA EXP;PT - VITAMINAS;0;0;UND;0;0;0;lot;720
0;785;;000785 - ERIPANTO INYECTABLE X 10 ML MMEDICA EXP;PT - VITAMINAS;0;0;UND;0;0;0;lot;720
0;786;;000786 - VANOVET X 120 ML MUESTRA MEDICA EXP;PT - VITAMINAS;0;0;UND;0;0;0;lot;720
0;788;;000788 - BRILLA PEL X 60 G;PT - VITAMINAS;1000;0;UND;0;0;0;lot;720
0;8;;420516 - ENVASE PEHD INY 200 ML;ME - FRASCOS PARA SOLUCIONES INYECTABLES;18600;0;UND;0;0;19;lot;0
0;807;;000807 - AUROROX X KG;PT - PREMIX;25000;0;KGR;0;0;0;lot;1080
0;818;7708589194822;000818 - MELOXIDOL X 10 ML;PT - ANALGESICOS;22880;0;UND;0;0;0;lot;720
0;819;7708589194532;000819 - MELOXIDOL X 50 ML;PT - ANALGESICOS;81400;0;UND;0;0;0;lot;720
0;820;7708589194495;000820 - MELOXIDOL X 100 ML;PT - ANALGESICOS;130020;0;UND;0;0;0;lot;720
0;823;;000823 - AURORAC X KG;PT - PREMIX;57300;0;KGR;0;0;19;lot;0
0;83;;410960 - POLOXAMERO F-127 (LUTROL);MP - EXCIPIENTES;186800;0;KGR;0;0;19;lot;720
0;840;7708494835339;000840 - AUROCEF X 1 G;PT - ANTIBIOTICOS;44664;0;UND;0;0;0;lot;730
0;841;7708494835162;000841 - AUROCEF X 4 G;PT - ANTIBIOTICOS;102353;0;UND;0;0;0;lot;730
0;860;860;000860 - CICLO GANADERO;PT - VITAMINAS;110000;0;UND;0;0;0;lot;0
0;861;;000861 - TIAMULINA FUMARATO HIDROGUENADA 98%;MP - ANTIBACTERIANOS Y ANTIDIARREICOS;101475;0;KGR;0;0;0;lot;720
0;869;869;000869 - KIT LECHERO;PT - VITAMINAS;80000;0;UND;0;0;0;none;0
0;870;;000870 - ANAPIRAN INYECTABLE X 250 ML;PT - ANTIPARASITARIOS;126144;0;UND;0;0;0;lot;720
0;872;;000872 - ACEITE MINERAL LIVIANO;MP - EXCIPIENTES;9000;0;KGR;0;0;19;lot;720
0;873;;000873 - KIT PROM BRILLAPEL 150G+60G;PT - VITAMINAS;10417;0;UND;0;0;0;none;0
0;895;7709275502570;000895 - AUROLITOS SOBRE X 1 KG;PT - PREMIX;20785;0;KGR;0;0;0;lot;730
0;896;;000896 - ELECTROLITOS AUROFARMA SACO X 25 KG;PT - PREMIX;190000;0;KGR;0;0;0;lot;730
0;899;7708589194785;000899 - PENIDEXINA 4 MILLONES;PT - ANTIBIOTICOS;29962;0;UND;0;0;0;lot;720
0;900;7708589194174;000900 - PENIDEXINA 8 MILLONES;PT - ANTIBIOTICOS;40810;0;UND;0;0;0;lot;0
0;920;;000920 - KIT ASEO MASCOTAS;PT - ANTIPARASITARIOS;19000;0;UND;0;0;0;lot;0
0;926;;000926 - CIPROFLOXACINA 20% X 1KG;PT - ANTIBIOTICOS;54000;0;UND;0;0;0;lot;0
0;927;7708589194082;000927 - AUROTEL X 250 ML;PT - ANTIBIOTICOS;34116;0;UND;0;0;0;lot;0
0;928;;000928 - TRIMETROPIN SULFA 25;PT - ANTIBIOTICOS;73000;0;KGR;0;0;0;lot;0
0;933;7708589194341;000933 - AUROPUPPY X 5 ML;PT - ANTIPARASITARIOS;7405;0;UND;0;0;0;lot;1080
0;934;7708589194167;000934 - AUROPUPPY X 2.5 ML;PT - ANTIPARASITARIOS;6195;0;UND;0;0;0;lot;0
0;935;7708494835513;000935 - GLH-20 X 20 L;PT - ANTIPARASITARIOS;427841;0;UND;0;0;0;lot;1080
0;940;7708494835179;000940 - ERIPANTO INYECTABLE X 100 ML;PT - ANTIBACTERIANOS -ANTIDIARREICOS;83710;0;UND;0;0;0;lot;1080
0;943;;000943 - DILUYENTE AUROCEF X 20 ML;PT - ANTIBIOTICOS;9600;0;UND;0;0;0;lot;730
0;948;948;000948 - COMBO MULTIEMPAQUE;PT - VITAMINAS;370000;0;UND;0;0;0;lot;0
0;951;7709990632545;000951 - BABOXA BOLSA X 500 G;PC - TOXICOS;17920;0;UND;0;0;0;lot;720
0;952;7709990849110;000952 - GELFIPRON X 11 G;PC - TOXICOS;14968;0;UND;0;0;0;lot;720
0;953;7709990061529;000953 - HORMIX BOLSA X 500 G;PC - TOXICOS;20065;0;UND;0;0;0;lot;720
0;1;;410820-98 - IVERMECTINA;MP - ANTIBIOTICOS;653982;0;KGR;0;0;0;lot;720
0;1005;7708494835025;001005 - BRIO PERFORMANCE X 2 KG;PT - VITAMINAS;71364;0;UND;0;0;0;lot;0
0;1006;7708494835094;001006 - BRIO INCREASE X 2 KG;PT - VITAMINAS;64300;0;UND;0;0;0;lot;0
0;1007;7708494835124;001007 - BRIO JOINTS X 2 KG;PT - VITAMINAS;210090;0;UND;0;0;0;lot;0
0;1010;;001010 - SNACKS RAZAS PEQUEÑAS X 7 UND;PT - ANTIPARASITARIOS;3520;0;UND;0;0;19;lot;0
0;1045;;001045 - Q-SULFATYL T X KG;PT - PREMIX;34700;0;KGR;0;0;0;lot;0
0;1046;;001046 - LECITINA DE SOYA POLVO;MP - EXCIPIENTES;16100;0;KGR;0;0;19;lot;0
0;1047;;001047 - NORASYSTEM;MP - ANTIBACTERIANOS Y ANTIDIARREICOS;72800;0;KGR;0;0;19;lot;0
0;1049;7708494835407;001049 - EQUINOLISINA X 1 KG;PT - VITAMINAS;43073;0;UND;0;0;0;lot;0
0;1050;7708494835438;001050 - BRILLA PEL X 2KG;PT - VITAMINAS;158270;0;UND;0;0;0;lot;0
0;1056;	7708494835391;001056 - BRIO PERFORMANCE X 300 G;PT - VITAMINAS;37900;0;UND;0;0;0;lot;0
0;1066;1066;001066 - CICLO GANADERO ORO;PT - VITAMINAS;153945;0;UND;0;0;0;lot;0
0;1067;1067;001067 - CICLO GANADERO BRONCE;PT - VITAMINAS;100950;0;UND;0;0;0;lot;0
0;1072;;001072 - AUROCLEAN CAT X 5 KG "PEREIRA";PT - DESINFECTANTES E INSECTICIDAS;13545;0;UND;0;0;19;lot;0
0;1074;;001074 - AUROCLEAN CAT X 5 KG "PALMIRA";PT - DESINFECTANTES E INSECTICIDAS;13545;0;UND;0;0;19;lot;0
0;1075;;001075 - AUROCLEAN CAT X 5 KG "GIRARDOTA";PT - DESINFECTANTES E INSECTICIDAS;13545;0;UND;0;0;19;lot;0
0;1076;;001076 - AUROCLEAN CAT X 5 KG "B/QUILLA";PT - DESINFECTANTES E INSECTICIDAS;22850;0;UND;0;0;19;lot;0
0;1077;;001077 - AUROCLEAN CAT X 5 KG "GIRON";PT - DESINFECTANTES E INSECTICIDAS;13545;0;UND;0;0;19;lot;0
0;1087;1087;001087 - NOV JABON ANTIBACTERIAL 081 GARRAFA 20 L;PC - TOXICOS;248331;0;UND;0;0;0;lot;0
0;1088;1088;001088 - JABON ANTIBACTERIAL 080 4 LT;PC - PLAGUICIDAS;64578;0;UND;0;0;0;lot;0
0;1089;7708494835032;001089 - AUROPETS INCREASE X 200 G;PT - VITAMINAS;35464;0;UND;0;0;0;lot;0
0;1090;7708494835759;001090 - AUROPETS PERFORMANCE X 200 G;PT - VITAMINAS;37728;0;UND;0;0;0;lot;0
0;1091;7708494835728;001091 - AUROPETS SENIOR X 200 G;PT - VITAMINAS;86658;0;UND;0;0;0;lot;0
0;1100;7708494835018;001100 - BRILLAPEL EMULSION X 130 ML;PT - VITAMINAS;25708;0;UND;0;0;0;lot;720
0;1101;7708494835063;001101 - BRILLAPEL EMULSION X 270 ML;PT - VITAMINAS;44275;0;UND;0;0;0;lot;0
0;1102;7708494835551;001102 - BRILLAPEL EMULSION X 550 ML;PT - VITAMINAS;87415;0;UND;0;0;0;lot;0
0;1106;1106;001106 - DI HEPTARINE S SOLUCION X 1 LT;PC - PLAGUICIDAS;75000;0;UND;0;0;0;lot;0
0;1108;1108;001108 - FLORAMAX B11 X 60G;PCC - PLAGUICIDAS;169999;0;UND;0;0;0;lot;0
0;1109;1109;001109 - DIVOSAN HYPOCHLORITE X 24 KG;PC - PLAGUICIDAS;167408;0;UND;0;0;19;lot;0
0;1110;1110;001110 - ACIVET X 20 LT;PC - PLAGUICIDAS;164615;0;UND;0;0;0;lot;0
0;1111;1111;001111 - FLORALAC SB X 500 GR;PC - PLAGUICIDAS;36615;0;UND;0;0;0;lot;0
0;1114;1114;001114 - COMBO TRIPLE SOBRE;PT - VITAMINAS;489686;0;UND;0;0;0;lot;0
0;1115;1115;001115 - COMBO PERRUNO;PT - VITAMINAS;244723;0;UND;0;0;0;lot;0
0;1116;1116;001116 - COMBO BIENESTAR;PT - VITAMINAS;224657;0;UND;0;0;0;lot;0
0;1117;1117;001117 - COMBO GANADOR;PT - VITAMINAS;613211;0;UND;0;0;0;lot;0
0;1119;;001119 - BRILLA PEL X 250 G EQUINOS;PT - VITAMINAS;14700;0;UND;0;0;0;lot;0
0;1122;1122;001122 - NOV GEL ANTIBACTERIAL FCO VALVULA LT;PC - TOXICOS;30028;0;UND;0;0;0;lot;0
0;1123;1123;001123 - NOV NOVAC 20 GARRAFA 4 LT;PC - PLAGUICIDAS;81738;0;UND;0;0;0;lot;0
0;1124;1124;001124 - NOV BIOXSALT ACTIVE WATER GARRAFA 20 LT;PC - TOXICOS;378969;0;UND;0;0;19;lot;0
0;1125;1125;001125 - NOV FENOMIX GT GARRAFA 4 LT;PC - PLAGUICIDAS;161446;0;UND;0;0;0;lot;0
0;1128;1128;001128 - COMBO KIT POLLITO;PT - ANTIBIOTICOS;24487;0;UND;0;0;0;lot;0
0;1129;1129;001129 - NOV CIPRONOVA SOBRE POR KG;PC - PLAGUICIDAS;71700;0;UND;0;0;0;lot;0
0;1133;1133;001133 - NOV DETERGENTE ACIDO GARRAFA 4 LT;PC - TOXICOS;31700;0;UND;0;0;0;lot;0
0;1134;1134;001134 - NOV DETERGENTE ALCALINO GARRAFA 4 LT;PC - TOXICOS;22000;0;UND;0;0;0;lot;0
0;1135;1135;001135 - COMBO PORCINO;PT - ANTIPARASITARIOS;1451000;0;UND;0;0;0;lot;0
0;1136;1136;001136 - ANEMIA ESTANDAR 2;PT - ANTIBIOTICOS;1136000;0;UND;0;0;0;lot;0
0;1137;1137;001137 - ANEMIA PREMIUM 2;PT - ANTIBIOTICOS;885000;0;UND;0;0;0;lot;0
0;1138;1138;001138 - COMBO GATO;PT - ANTIPARASITARIOS;100000;0;UND;0;0;19;lot;0
0;1139;1139;001139 - COMBO PIEL;PT - VITAMINAS;1523000;0;UND;0;0;0;lot;0
0;1144;1144;001144 - COMBO KIT SALUD Y BELLEZA;PT - VITAMINAS;28500;0;UND;0;0;0;lot;0
0;1145;7708494835674;001145 - AUROQUINOL 60% X KG;PT - ANTIPARASITARIOS;62500;0;KGR;0;0;19;lot;0
0;1146;1146;001146 - COMBO BOLDEBIG 50 X 250 ML PR;PT - VITAMINAS;134500;0;UND;0;0;0;lot;0
0;1147;1147;001147 - COMBO BOLDEBIG 50X50 ML PR;PT - VITAMINAS;50000;0;UND;0;0;0;lot;0
0;1148;1148;001148 - DORMEKTIN 2% X 50 ML;PC - PLAGUICIDAS;35410;0;UND;0;0;0;lot;0
0;1149;1149;001149 - DORMEKTIN 2% X 250 ML;PC - PLAGUICIDAS;136972;0;UND;0;0;0;lot;0
0;1150;1150;001150 - DORMEKTIN 2% X 500 ML;PC - PLAGUICIDAS;270583;0;UND;0;0;0;lot;0
0;1151;1151;001151 - LARCIMEK X 400 ML;PC - PLAGUICIDAS;17411;0;UND;0;0;0;lot;0
0;1160;1160;001160 - ENRAMICINA 8%;PCC - PLAGUICIDAS;41200;0;KGR;0;0;0;lot;0
0;1168;1168;001168 - NOV FLORALAC X 500 G;PC - PLAGUICIDAS;33000;0;UND;0;0;0;lot;0
0;1169;1169;001169 - COMBO POTENTE;PT - ANTIPARASITARIOS;105800;0;UND;0;0;0;lot;0
0;117;;420304 - PLEGADIZA QIVERMEC 3.5 X 500 ML;ME - CAJAS CORRUGADOS;2052;0;UND;0;0;19;lot;0
0;1170;1170;001170 - COMBO PODEROSO;PT - ANTIPARASITARIOS;120000;0;UND;0;0;0;lot;0
0;1171;1171;001171 - COMBO FANTASTICO;PT - ANTIPARASITARIOS;193500;0;UND;0;0;0;lot;0
0;1173;1173;001173 - CIPERCOMBO;PT - ANTIPARASITARIOS;3600000;0;UND;0;0;19;lot;0
0;1175;1175;001175 - CIPERCOMBO 1/2;PT - ANTIPARASITARIOS;3600000;0;UND;0;0;19;lot;0
0;1176;1176;001176 - ANEMIA ESTANDAR 1;PT - ANTIBIOTICOS;248000;0;UND;0;0;0;lot;0
0;1182;7708494835353;001182 - AUROTILMICOSIN X 240 ML;PT - ANTIBIOTICOS;81690;0;UND;0;0;0;lot;0
0;1183;7708494835216;001183 - AUROTILMICOSIN X 1000 ML;PT - ANTIBIOTICOS;153678;0;UND;0;0;0;lot;0
0;1184;;001184 - BRIO EQBALANCE X 40 G;PT - VITAMINAS;5700;0;UND;0;0;0;lot;0
0;1185;7709495860429;001185 - BRIO EQBALANCE X 1 KG;PT - VITAMINAS;34000;0;UND;0;0;0;lot;0
0;1186;7708494835384;001186 - BRIO EQBALANCE X 5 KG;PT - VITAMINAS;157000;0;UND;0;0;0;lot;0
0;1187;;001187 - BRIO ENERGY X 30 ML;PT - VITAMINAS;6000;0;UND;0;0;0;lot;0
0;1188;7708494835278;001188 - BRIO ENERGY X 1000 ML;PT - VITAMINAS;57000;0;UND;0;0;0;lot;0
0;1189;;001189 - EQUINOLISINA X 50 G;PT - VITAMINAS;5723;0;UND;0;0;0;lot;0
0;1190;7709275502549;001190 - FLORMIX X 1000 ML;PT - ANTIBIOTICOS;157500;0;UND;0;0;0;lot;0
0;1191;7709967803244;001191 - FLORMIX X 4000 ML;PT - ANTIBIOTICOS;580000;0;UND;0;0;0;lot;0
0;1193;7708494835933;001193 - HEPAXYN X 5 KG;PTT - VITAMINAS;172560;0;UND;0;0;0;lot;0
0;1194;7708494835209;001194 - HEPAXYN X 10 KG;PTT - VITAMINAS;335000;0;UND;0;0;0;lot;0
0;1195;7708494835070;001195 - FLORMIX X 2000 ML;PT - ANTIBIOTICOS;302000;0;UND;0;0;0;lot;0
0;1196;;001196 - ANEMIA PREMIUM 1;PT - ANTIBIOTICOS;407000;0;UND;0;0;0;lot;0
0;1202;7708494835988;001202 - YUCASHID POLVO;PCC - PLAGUICIDAS;52700;0;KGR;0;0;0;lot;0
0;1204;1204;001204 - NOV ACIVET GARRAFA 20 LT;PC - PLAGUICIDAS;198222;0;UND;0;0;0;lot;0
0;1220;1220;001220 - NOV JABON ANTIBACTERIAL 080GARRAFA 4 LTS;PC - PLAGUICIDAS;64579;0;UND;0;0;0;lot;0
0;1221;1221;001221 - NOV ACIVET GARRAFA 4 LTS;PC - PLAGUICIDAS;34600;0;UND;0;0;0;lot;0
0;1222;7708494835148;001222 - AURODIARREGAN NF 10G CAJA X 10 SOBRES;PT - ANTIBACTERIANOS -ANTIDIARREICOS;47880;0;UND;0;0;0;lot;0
0;1223;7709495860450;001223 - AURODIARREGAN NF 10G CAJA X 50 SOBRES;PT - ANTIBACTERIANOS -ANTIDIARREICOS;223073;0;UND;0;0;0;lot;0
0;1224;7709495860467;001224 - CABATEL NF X 20ML;PT - ANTIPARASITARIOS;28215;0;UND;0;0;0;lot;0
0;1225;7708494835957;001225 - CABATEL NF X 100ML;PT - ANTIPARASITARIOS;52777;0;UND;0;0;0;lot;0
0;1226;7709275502563;001226 - CABATEL NF X 500ML;PT - ANTIPARASITARIOS;200450;0;UND;0;0;0;lot;0
0;1229;1229;001229 - BETAMINT 1 L;PCC - PLAGUICIDAS;141350;0;UND;0;0;0;lot;0
0;1230;1230;001230 - CHICKTONIC 1 L;PCC - PLAGUICIDAS;91350;0;UND;0;0;0;lot;0
0;1232;1232;001232 - GENTAMICINA 10% X 250 ML;PC - PLAGUICIDAS;176550;0;UND;0;0;0;lot;0
0;1234;1234;001234 - PROMECTINE ORAL X 1 L;PC - TOXICOS;190000;0;UND;0;0;0;lot;0
0;1235;1235;001235 - NOV NOVADEX INDUSTRIAL E GARRAFA 4 LT;PC - PLAGUICIDAS;28297;0;UND;0;0;0;lot;0
0;1236;1236;001236 - NOV AVICOLD SOBRE X KG;PC - PLAGUICIDAS;33923;0;UND;0;0;0;lot;0
0;1237;1237;001237 - NOV FENOMIX GT GARRAFA 20 LITROS;PC - PLAGUICIDAS;648000;0;UND;0;0;0;lot;0
0;1238;1238;001238 - EASYFOAM X 20 LITROS;PC - PLAGUICIDAS;240989;0;UND;0;0;19;lot;0
0;1239;1239;001239 - PASCAL X 20 LITROS;PC - PLAGUICIDAS;320385;0;UND;0;0;19;lot;0
0;1240;1240;001240 - VIREX II 256 GARRAFA X 3.8 LITROS;PC - PLAGUICIDAS;126084;0;UND;0;0;0;lot;0
0;1254;1254;001254 - FERRITON 200 / FRASCO X 100 ML;PC - PLAGUICIDAS;43365;0;UND;0;0;0;lot;0
0;1255;1255;001255 - PRACTICOMBO 1;PT - ANTIPARASITARIOS;1250000;0;UND;0;0;0;lot;0
0;1256;1256;001256 - PRACTICOMBO 2;PT - ANTIBIOTICOS;820000;0;UND;0;0;0;lot;0
0;1268;1268;001268 - BACTICOL / 50 ML;PC - PLAGUICIDAS;53768;0;UND;0;0;0;lot;0
0;1269;1269;001269 - DOLFEN /50 ML;PC - PLAGUICIDAS;40607;0;UND;0;0;0;lot;0
0;1270;1270;001270 - EXELDOR 1% / 50 ML;PC - PLAGUICIDAS;31121;0;UND;0;0;0;lot;0
0;1271;1271;001271 - EXELDOR 1% / 250 ML;PC - PLAGUICIDAS;139404;0;UND;0;0;0;lot;0
0;1272;1272;001272 - EXELDOR 1% / 500 ML;PC - PLAGUICIDAS;230318;0;UND;0;0;0;lot;0
0;1273;1273;001273 - IMIDOCARB-LH/100 ML;PC - PLAGUICIDAS;88275;0;UND;0;0;0;lot;0
0;1274;1274;001274 - LHIFLUNEX / 10 ML;PC - PLAGUICIDAS;25600;0;UND;0;0;0;lot;0
0;1275;1275;001275 - PORCIDIN 5 % / 500 ML;PC - PLAGUICIDAS;225503;0;UND;0;0;0;lot;0
0;1276;1276;001276 - TOTALMASTT /010 G;PC - PLAGUICIDAS;19950;0;UND;0;0;0;lot;0
0;1277;1277;001277 - LHIFLUNEX / 50 ML;PC - PLAGUICIDAS;51200;0;UND;0;0;0;lot;0
0;1278;1278;001278 - IMIDOCARB-LH/ 50 ML;PC - PLAGUICIDAS;52965;0;UND;0;0;0;lot;0
0;1279;1279;001279 - NOV DETERGENTE ACIDO GARRAFA 20 LT;PC - TOXICOS;184929;0;UND;0;0;0;lot;0
0;1280;1280;001280 - NOV NOVAC 20 GARRAFA 20 LT;PC - TOXICOS;388942;0;UND;0;0;0;lot;0
0;1286;1286;001286 - COMBO GANADO;PT - ANTIPARASITARIOS;1578363;0;UND;0;0;0;lot;0
0;1287;1287;001287 - COMBO PET;PT - ANTIPARASITARIOS;569109;0;UND;0;0;0;lot;0
0;1288;1288;001288 - COMBO CHIK;PT - ANTIPARASITARIOS;657371;0;UND;0;0;0;lot;0
0;1291;1291;001291 - NOV GEL ANTIBACTERIAL GARRAFA 4 LITROS;PC - TOXICOS;87898;0;UND;0;0;0;lot;0
0;1292;1292;001292 - COMBO GANADO 4;PT - ANTIPARASITARIOS;888916;0;UND;0;0;0;lot;0
0;1294;1294;001294 - CABINA DESINFECCION CORPORAL;PC - PLAGUICIDAS;3000000;0;UND;0;0;19;lot;0
0;1295;1295;001295 - ECODES BM 3.8 LITROS;PC - PLAGUICIDAS;60200;0;UND;0;0;0;lot;0
0;1297;1297;001297 - COMBO MAXIMO;PT - ANTIPARASITARIOS;1269659;0;UND;0;0;0;lot;0
0;1298;1298;001298 - COMBO OPORTUNO;PT - ANTIPARASITARIOS;1857731;0;UND;0;0;0;lot;0
0;1299;1299;001299 - ECODES BM 20 LITROS;PC - PLAGUICIDAS;252492;0;UND;0;0;0;lot;0
0;1300;1300;001300 - ECODES BM BOTELLA LITRO;PC - PLAGUICIDAS;31231;0;UND;0;0;0;lot;0
0;1301;1301;001301 - ECODES BM ATOMIZADOR 500 ML;PC - PLAGUICIDAS;23692;0;UND;0;0;0;lot;0
0;1302;1302;001302 - NOBAC CF 50 ML;PC - PLAGUICIDAS;52000;0;UND;0;0;0;lot;0
0;1303;1303;001303 - CICLO DORMEKTIN PLATA;PT - ANTIPARASITARIOS;950238;0;UND;0;0;0;lot;0
0;1304;1304;001304 - CICLO GANADERO JUNIOR;PT - VITAMINAS;799458;0;UND;0;0;0;lot;0
0;1305;7708494835377;001305 - HEPAXYN X KG;PTT - VITAMINAS;40800;0;KGR;0;0;0;lot;0
0;1306;1306;001306 - CICLO DORAMECTINA FUNDAMENTAL;PT - ANTIPARASITARIOS;972228;0;UND;0;0;0;lot;0
0;1307;1307;001307 - CICLO GANADERO GOLD;PT - ANTIPARASITARIOS;1665948;0;UND;0;0;0;lot;0
0;1308;1308;001308 - CICLO GANADERO PREMIUM;PT - ANTIPARASITARIOS;2776580;0;UND;0;0;0;lot;0
0;1309;1309;001309 - NOV NE-NH3 GARRAFA 20 LITROS;PC - PLAGUICIDAS;195700;0;UND;0;0;19;lot;0
0;1310;1310;001310 - NOV NOVAC 20 FRASCO VALVULA X 1 LITRO;PC - TOXICOS;35000;0;UND;0;0;0;lot;0
0;1311;1311;001311 - CICLO DORAMECTINA ELITE;PT - ANTIPARASITARIOS;2854800;0;UND;0;0;0;lot;0
0;1313;1313;001313 - TAPETE ANTIDESLIZANTE MIXTO;PC - PLAGUICIDAS;171000;0;UND;0;0;19;lot;0
0;1314;1314;001314 - COMBO ANEMIA;PT - ANTIPARASITARIOS;939054;0;UND;0;0;0;lot;0
0;1315;1315;001315 - COMBO BRAHMAN;PT - ANTIPARASITARIOS;2250000;0;UND;0;0;0;lot;0
0;1316;1316;001316 - COMBO PETS 2;PT - VITAMINAS;502000;0;UND;0;0;0;lot;0
0;1317;7708494835643;001317 - GLH-20 X 500 ML;PT - ANTIPARASITARIOS;16114;0;UND;0;0;0;lot;1080
0;1318;7708494835865;001318 - GLH-20 X 1000 ML;PT - ANTIPARASITARIOS;29417;0;UND;0;0;0;lot;1080
0;1319;7708494835155;001319 - GLH-20 X 3.800 ML;PT - ANTIPARASITARIOS;94739;0;UND;0;0;0;lot;1080
0;1320;1320;001320 - COMBO PETS 3;PT - VITAMINAS;508000;0;UND;0;0;0;lot;0
0;1321;1321;001321 - COMBO BRAHMAN INTERMEDIO;PT - ANTIPARASITARIOS;1700000;0;UND;0;0;0;lot;0
0;1322;1322;001322 - COMBO PETS 1;PT - VITAMINAS;560000;0;UND;0;0;0;lot;0
0;1323;7708494835810;001323 - AUROFRESH CHAMPU X 120 ML MASCOTAS;PT - DESINFECTANTES E INSECTICIDAS;10763;0;UND;0;0;0;lot;0
0;1324;7709495860443;001324 - AUROFRESH CHAMPU X 250 ML MASCOTAS;PT - DESINFECTANTES E INSECTICIDAS;19900;0;UND;0;0;0;lot;0
0;1325;7708494835520;001325 - AUROFRESH CHAMPU X 1000 ML MASCOTAS;PT - DESINFECTANTES E INSECTICIDAS;67515;0;UND;0;0;0;lot;0
0;1326;7709967803237;001326 - AUROFRESH CHAMPU X 2000 ML EQUINOS;PT - DESINFECTANTES E INSECTICIDAS;117915;0;UND;0;0;0;lot;0
0;1327;7708494835506;001327 - AUROPETS JABON X 100 GR;PT - DESINFECTANTES E INSECTICIDAS;14025;0;UND;0;0;0;lot;0
0;1328;7708494835315;001328 - Q-FLORFEN X 1 KG;PT - PREMIX;97800;0;KGR;0;0;0;lot;720
0;1329;7709967803206;001329 - Q-FLORFEN X 5 KG;PT - PREMIX;456700;0;KGR;0;0;0;lot;720
0;1330;1330;001330 - COMBO DORAVIT 250;PT - ANTIPARASITARIOS;700000;0;UND;0;0;0;lot;0
0;1331;1331;001331 - COMBO DORAVIT 500;PT - ANTIPARASITARIOS;1250000;0;UND;0;0;0;lot;0
0;1333;1333;001333 - NEUTRALIZANTE DE HALOGENOS X 4 LT;PC - PLAGUICIDAS;79300;0;UND;0;0;0;lot;0
0;1335;1335;001335 - AUROCLEAN CAT X 5 KG;PC - PLAGUICIDAS;33578;0;UND;0;0;19;lot;0
0;1337;7709275502587;001337 - AUROPETS JABON X 30 G;PT - DESINFECTANTES E INSECTICIDAS;0;0;UND;0;0;0;lot;0
0;1338;;001338 - AUROCLEAN CAT X 5 KG GIRARDOTA;PC - PLAGUICIDAS;30340;0;UND;0;0;19;lot;0
0;1339;;001339 - AUROCLEAN CAT X 5 KG BARRANQUILLA;PC - PLAGUICIDAS;30340;0;UND;0;0;19;lot;0
0;1340;;001340 - AUROCLEAN CAT X 5 KG PEREIRA;PC - PLAGUICIDAS;30340;0;UND;0;0;19;lot;0
0;1341;;001341 - AUROCLEAN CAT X 5 KG GIRON;PC - PLAGUICIDAS;30340;0;UND;0;0;19;lot;0
0;1342;;001342 - AUROCLEAN CAT X 5 KG IBAGUE;PC - PLAGUICIDAS;30340;0;UND;0;0;19;lot;0
0;1343;;001343 - AUROCLEAN CAT X 5 KG PALERMO;PC - PLAGUICIDAS;30340;0;UND;0;0;19;lot;0
0;1344;;001344 - AUROCLEAN CAT X 5 KG PALMIRA;PC - PLAGUICIDAS;30340;0;UND;0;0;19;lot;0
0;1345;1345;001345 - COMBO MAGNANIMO;PT - VITAMINAS;845000;0;UND;0;0;0;lot;0
0;1346;1346;001346 - COMBO SUPERCHICK;PT - VITAMINAS;515000;0;UND;0;0;0;lot;0
0;135;;411110 - NEOMICINA SULFATO;MP - ANTIBACTERIANOS Y ANTIDIARREICOS;90175;0;KGR;0;0;0;lot;720
0;1350;1350;001350 - COMBO ANDINO;PT - ANTIPARASITARIOS;450000;0;UND;0;0;0;lot;0
0;1354;1354;001354 - COMBO EQUINOS;PT - ANTIPARASITARIOS;480000;0;UND;0;0;0;lot;0
0;1355;1355;001355 - NOV NOVADEX INDUSTRIAL E GARRAFA X 20 LT;PC - PLAGUICIDAS;117100;0;UND;0;0;0;lot;0
0;1356;1356;001356 - BACTICOL / 100 ML;PC - PLAGUICIDAS;89900;0;UND;0;0;0;lot;0
0;1357;1357;001357 - ANTIMASTITIS S / 12 JERINGAS;PC - PLAGUICIDAS;153276;0;UND;0;0;0;lot;0
0;1358;1358;001358 - DOLFEN /100 ML;PC - PLAGUICIDAS;65900;0;UND;0;0;0;lot;0
0;1359;1359;001359 - LHIFLUNEX / 100 ML;PC - PLAGUICIDAS;87700;0;UND;0;0;0;lot;0
0;1360;1360;001360 - NOBAC CF / 100 ML;PC - PLAGUICIDAS;104000;0;UND;0;0;0;lot;0
0;1361;1361;001361 - PORCIDIN 5 % / LITRO;PC - PLAGUICIDAS;196700;0;UND;0;0;0;lot;0
0;1362;1362;001362 - PORCIDIN 5 % / 100 ML;PC - PLAGUICIDAS;54400;0;UND;0;0;0;lot;0
0;1367;1367;001367 - NORASYSTEM GARRAFA X 20 LITROS;PC - TOXICOS;128114;0;L;0;0;19;lot;0
0;1373;7709967803268;001373 - CIPROFARM 20% X 1 KG;PT - ANABOLICOS;68800;0;UND;0;0;0;lot;0
0;1375;1375;001375 - ESTROGEST 20 ML;PC - TOXICOS;69560;0;UND;0;0;0;lot;0
0;1376;1376;B332H1CO - POXIMUNE AE POR 1000 DOSIS;PC - PLAGUICIDAS;38500;0;UND;0;0;0;lot;0
0;1377;1377;B333H1CO - CIRCOMUNE POR 1000 DOSIS;PC - PLAGUICIDAS;134270;0;UND;0;0;0;lot;0
0;1378;1378;B344I1CO - CEVAC MD RISPENS X 2000 D;PC - PLAGUICIDAS;68000;0;UND;0;0;0;lot;0
0;1379;1379;B349K1CO - CEVAC MD HVT X 4000 D;PC - PLAGUICIDAS;80000;0;UND;0;0;0;lot;0
0;1380;1380;B372I1CO - VECTORMUNE HVT NDV POR 2000 DO;PC - PLAGUICIDAS;76000;0;UND;0;0;0;lot;0
0;1381;1381;B372K1CO - VECTORMUNE HVT NDV POR 4000 DO;PC - PLAGUICIDAS;152000;0;UND;0;0;0;lot;0
0;1382;1382;B390I1CO - VECTORMUNE HVT LT X 2000 D;PC - PLAGUICIDAS;276000;0;UND;0;0;0;lot;0
0;1383;1383;B420I1CO - VECTORMUNE FP LT X 2000 DS;PC - PLAGUICIDAS;268000;0;UND;0;0;0;lot;0
0;1385;1385;P72210O - NOVAMUNE 1000D CO;PC - PLAGUICIDAS;79000;0;UND;0;0;0;lot;0
0;1388;1388;C44432N - CEVAC BROILER ND K POR 5000 DOS;PC - PLAGUICIDAS;70000;0;UND;0;0;0;lot;0
0;1389;1389;C56510Q - CEVAC TRANSMUNE 2000D CO;PC - PLAGUICIDAS;36000;0;UND;0;0;0;lot;0
0;1390;1390;C56530E - CEVAC TRANSMUNE POR 4000 DOSIS;PC - PLAGUICIDAS;72000;0;UND;0;0;0;lot;0
0;1391;1391;C56550E - CEVAC TRANSMUNE 8000D;PC - PLAGUICIDAS;144000;0;UND;0;0;0;lot;0
0;1392;1392;C60510J - CEVAC CORYMUNE 4K 500 ML BT CO DS;PC - PLAGUICIDAS;400000;0;UND;0;0;0;lot;0
0;1393;1393;C60610J - CEVAC CORYMUNE 7K 500 ML 1000 DS;PC - PLAGUICIDAS;200000;0;UND;0;0;0;lot;0
0;1394;1394;C80432F - CEVAC VITABRON L 2000D CO;PC - PLAGUICIDAS;11800;0;UND;0;0;0;lot;0
0;1395;1395;D44720D - CEVAC MG F POR 1000 DOSIS;PC - PLAGUICIDAS;82000;0;UND;0;0;0;lot;0
0;1397;1397;P112232Q - CEVAC VITAPEST L 2000 D BO/PE/VE;PC - PLAGUICIDAS;10000;0;UND;0;0;0;lot;0
0;1398;1398;P115333N - CEVAC GUMBO L 2500 D CO;PC - PLAGUICIDAS;15700;0;UND;0;0;0;lot;0
0;1399;1399;P210323G - CEVAC ND IB EDS K POR 1000 DOS;PC - PLAGUICIDAS;90000;0;UND;0;0;0;lot;0
0;1401;1401;P111242O - CEVAC NEW L X 5000 DOSIS;PC - PLAGUICIDAS;11000;0;UND;0;0;0;lot;0
0;1402;1402;B014V1IM - STERILE DILUENT 400 ML MAKER BR;PC - PLAGUICIDAS;1;0;UND;0;0;0;lot;0
0;1403;1403;D88320F - STERILE SOLVENT 800 ML EXP;PC - PLAGUICIDAS;1;0;UND;0;0;0;lot;0
0;1404;1404;B012H1CO - DILUENTE POR 1000 DS;PC - PLAGUICIDAS;1;0;UND;0;0;0;lot;0
0;1405;1405;D57820C - DILUENTE CEVAC MG F 30ML CO;PC - PLAGUICIDAS;1;0;UND;0;0;0;lot;0
0;1406;1406;P0216 - LANCETAS VACCINATOR WH DOUBLE NEEDLE;PC - PLAGUICIDAS;1;0;UND;0;0;0;lot;0
0;1409;1409;001409 - CEVAC VITABRON L 1000DS;PC - PLAGUICIDAS;5900;0;UND;0;0;0;lot;0
0;1415;1415;001415 - COMBO F1;PT - VITAMINAS;500000;0;UND;0;0;0;lot;0
0;1416;1416;001416 - COMBO F2;PT - ANTIPARASITARIOS;325000;0;UND;0;0;0;lot;0
0;1417;1417;001417 - COMBO F3;PT - VITAMINAS;175000;0;UND;0;0;0;lot;0
0;1418;1418;001418 - COMBO F4;PT - ANTIBIOTICOS;380000;0;UND;0;0;0;lot;0
0;1419;1419;001419 - COMBO F5;PT - ANTIPARASITARIOS;889000;0;UND;0;0;0;lot;0
0;1420;1420;001420 - COMBO F6;PT - ANTIBIOTICOS;320000;0;UND;0;0;0;lot;0
0;1421;1421;001421 - COMBO F7;PT - VITAMINAS;335000;0;UND;0;0;0;lot;0
0;1422;1422;001422 - COMBO F8;PT - ANTIPARASITARIOS;1250000;0;UND;0;0;0;lot;0
0;1423;1423;001423 - COMBO F9;PT - ANTIBIOTICOS;830000;0;UND;0;0;0;lot;0
0;1424;1424;001424 - COMBO F10;PT - ANTIPARASITARIOS;355000;0;UND;0;0;0;lot;0
0;1425;1425;001425 - COMBO F11;PT - VITAMINAS;490000;0;UND;0;0;0;lot;0
0;1426;1426;001426 - COMBO F12;PT - ANTIPARASITARIOS;2008704;0;UND;0;0;0;lot;0
0;1427;1427;001427 - COMBO F13;PT - ANTIPARASITARIOS;1013222;0;UND;0;0;0;lot;0
0;1428;1428;001428 - COMBO F14;PT - VITAMINAS;1287306;0;UND;0;0;0;lot;0
0;1429;1429;001429 - COMBO F15;PT - VITAMINAS;340000;0;UND;0;0;0;lot;0
0;1430;7709495860405;001430 - NICARCOX 25% X KG;PT - DESINFECTANTES E INSECTICIDAS;20400;0;KGR;0;0;0;lot;0
0;1432;1432;P112222R - CEVAC VITAPEST L 1000 D BO/PE/VE;PC - PLAGUICIDAS;5000;0;UND;0;0;0;lot;0
0;1440;1440;001440 - DISPENSADOR DE JABON 500 ML;PC - PLAGUICIDAS;23000;0;UND;0;0;19;none;0
0;1441;1441;001441 - NOV JABON ANTIBACTERIAL FR VAL X 1 LT;PC - PLAGUICIDAS;17465;0;UND;0;0;0;lot;0
0;1444;1444;001444 - OLIVITASAN X 25 ML;PC - PLAGUICIDAS;24500;0;UND;0;0;0;lot;0
0;1445;1445;001445 - OLIVITASAN X 500 ML;PC - PLAGUICIDAS;145000;0;UND;0;0;0;lot;0
0;1446;1446;001446 - COMPLEFOSEL X 100 ML;PC - PLAGUICIDAS;79800;0;UND;0;0;0;lot;0
0;1447;1447;001447 - COMPLEFOSEL X 500 ML;PC - PLAGUICIDAS;221300;0;UND;0;0;0;lot;0
0;1448;1448;001448 - AMINOACIDOS VIT  50 ML;PC - PLAGUICIDAS;29800;0;UND;0;0;0;lot;0
0;1449;1449;001449 - OLIVITASAN PREMIUM X 50 ML;PC - PLAGUICIDAS;49900;0;UND;0;0;0;lot;0
0;1450;1450;001450 - OLIVITASAN PREMIUM X 500 ML;PC - PLAGUICIDAS;238900;0;UND;0;0;0;lot;0
0;1451;1451;001451 - COMBO AB1;PT - ANTIPARASITARIOS;1060000;0;UND;0;0;0;lot;0
0;1452;1452;001452 - COMBO AB2;PT - VITAMINAS;625000;0;UND;0;0;0;lot;0
0;1458;1458;001458 - ENERGYN X 100 ML;PCC - SUPLEMENTO;64000;0;UND;0;0;0;lot;0
0;1459;1459;001459 - LIVATEX 1 L;PCC - TOXICOS;43531;0;UND;0;0;0;lot;0
0;1461;1461;001461 - JABON LIQUIDO ANTIBACTERIAL X 4 LT;PC - PLAGUICIDAS;64579;0;UND;0;0;0;lot;0
0;1462;1462;001462 - JABON LIQUIDO ANTIBACTERIAL X 500 ML;PC - PLAGUICIDAS;8018;0;UND;0;0;0;lot;0
0;1463;1463;001463 - DETERGENTE LIQUIDO NEUTRO X 20 LT;PC - PLAGUICIDAS;79500;0;UND;0;0;0;lot;0
0;1464;1464;001464 - DETERGENTE ACIDO (DES-OX) X 4 LT;PC - TOXICOS;41600;0;UND;0;0;19;lot;0
0;1465;1465;001465 - DESENGRASANTE-DESINCRUSTANTE X 20 LT;PC - TOXICOS;225636;0;UND;0;0;0;lot;0
0;1466;1466;001466 - DETERGENTE ACIDO (DES-OX) X 20 LT;PC - TOXICOS;208000;0;UND;0;0;19;lot;0
